{
  "name": "angular-route",
  "version": "1.6.6",
  "license": "MIT",
  "main": "./angular-route.js",
  "ignore": [],
  "dependencies": {
    "angular": "1.6.6"
  },
  "homepage": "https://github.com/angular/bower-angular-route",
  "_release": "1.6.6",
  "_resolution": {
    "type": "version",
    "tag": "v1.6.6",
    "commit": "c972e3222d290cc3ab738ba1f07b88f0c74c0e2c"
  },
  "_source": "https://github.com/angular/bower-angular-route.git",
  "_target": "^1.6.6",
  "_originalSource": "angular-route",
  "_direct": true
}